name,MCXC,LoVoCCSID,ra,dec,redshift,L500,M500,R500,alt_name,other_names,Notes,sub_samp,LoVoCCS_name,Name,RA,DEC,Redshift,Newly processed,Fully observed,Comments,XMM_R500_FRAC,CHANDRA_R500_FRAC,y500,log_y500
MCXCJ1510.9+0543,J1510.9+0543,1,227.7291667,5.72,0.0766,8.726709,7.2708,1.3344,A2029,A2029,,south,LoVoCCS-1,A2029,227.73,5.72,0.0766,1.0,yes,"with A2033, southern infalling group",1.0,1.0,9.121233724762237e-05,-4.039946415660724
MCXCJ0258.9+1334,J0258.9+1334,2,44.73958333,13.57944444,0.0739,6.088643,5.8488,1.2421,RXCJ0258.9+1334,A401,L,south,LoVoCCS-2,A401,44.74,13.58,0.0739,1.0,yes,Bridge of galaxies between A401/A399 -- similar to gas ,0.9988616035127664,1.0,8.779497761806477e-05,-4.056530327546605
MCXCJ0041.8-0918,J0041.8-0918,4,10.45875,-9.301944444,0.0555,5.100085,5.3163,1.2103,RXCJ0041.8-0918,A85,"L,losStr",south,LoVoCCS-4,A85,10.46,-9.3,0.0555,1.0,yes,,0.9926389028940203,1.0,5.401240585911684e-05,-4.267506477633303
MCXCJ2201.9-5956,J2201.9-5956,6,330.4833333,-59.94944444,0.098,4.204419,4.589,1.1367,RXCJ2201.9-5956,A3827,,south,LoVoCCS-6,A3827,330.48,-59.95,0.098,1.0,yes,"Currently using A3825 catalogs. Note the 2 clusters are at very different redshifts, but RS colors could be similar (g-r diff ~0.05mag).",1.0,0.6760426770126091,5.306470879190809e-05,-4.275194214745587
MCXCJ0431.4-6126,J0431.4-6126,8,67.85041667,-61.44388889,0.0589,3.977333,4.5579,1.1485,RXCJ0431.4-6126,A3266,,south,LoVoCCS-8,A3266,67.85,-61.44,0.0589,1.0,yes,,1.0,0.6905745399924896,7.921702105939915e-05,-4.101181493183808
MCXCJ1259.3-0411,J1259.3-0411,9,194.8395833,-4.194722222,0.0845,3.853573,4.3928,1.1252,RXCJ1259.3-0411,A1651,,south,LoVoCCS-9,A1651,194.84,-4.19,0.0845,1.0,yes,,1.0,0.9810270680495826,4.000216127174483e-05,-4.397916543596145
MCXCJ0909.1-0939,J0909.1-0939,10,137.285,-9.666111111,0.0542,3.84966,4.4824,1.1439,RXCJ0909.1-0939,A754,,south,LoVoCCS-10,A754,137.28,-9.67,0.0542,1.0,yes,"2 peaks in RS galaxy density map, lensing peak is mainly at BCG",1.0,1.0,7.116417784970303e-05,-4.1477385636261745
MCXCJ1347.4-3250,J1347.4-3250,11,206.8683333,-32.84972222,0.0391,3.81992,4.5067,1.1514,RXCJ1347.4-3250,A3571,L,south,LoVoCCS-11,A3571,206.87,-32.85,0.0391,1.0,yes,eRosita,0.5104304350324694,0.3996896730072984,4.8191290840939135e-05,-4.317031440629925
MCXCJ0317.9-4414,J0317.9-4414,12,49.49375,-44.23888889,0.0752,3.815928,4.3948,1.1288,RXCJ0317.9-4414,A3112,,south,LoVoCCS-12,A3112,49.49,-44.24,0.0752,1.0,yes,"Horologium Supercluster with A3128, A3158, A3266. Xray mass is very close to the lensing mass (SZ mass is a bit smaller but within 2-sigma). But it seems there’s an offset between the lensing peak and BCG/X-ray peak. XMM: https://iopscience.iop.org/article/10.1088/0004-637X/747/1/32 (to determine the offset). The depth looks okay (only g band is 0.2 mag shallower than the goal). Very strong correlation between BCG orientation, mass map, RS galaxy distribution! Need to test photoz after adjusting the Y band offset (<0.02mag).",1.0,0.9989806320081548,2.0994103777525536e-05,-4.677902660334588
MCXCJ0257.8+1302,J0257.8+1302,13,44.4575,13.04916667,0.0722,3.592916,4.2452,1.1169,RXCJ0257.8+1302,A399,,south,LoVoCCS-13,A399,44.46,13.05,0.0722,1.0,yes,,0.9942229924898902,0.8528788754092047,6.089185182665868e-05,-4.21544081809739
MCXCJ2325.3-1207,J2325.3-1207,14,351.3333333,-12.12722222,0.0852,3.557935,4.1821,1.1066,RXCJ2325.3-1207,A2597,,south,LoVoCCS-14,A2597,351.33,-12.13,0.0852,1.0,yes,,1.0,1.0,1.2818390258430235e-05,-4.892166510369154
MCXCJ1258.6-0145,J1258.6-0145,17,194.67125,-1.756944444,0.0845,3.470646,4.1213,1.1015,RXCJ1258.6-0145,A1650,,south,LoVoCCS-17,A1650,194.67,-1.76,0.0845,,yes,,1.0,1.0,3.749424873178054e-05,-4.426035343888473
MCXCJ0052.7-8015,J0052.7-8015,18,13.18708333,-80.26638889,0.1141,3.393306,3.9812,1.0783,RXCJ0052.7-8015,A2837,,south,LoVoCCS-18,A2837,13.19,-80.27,0.1141,1.0,yes,,0.0,1.0,9.630215583893096e-06,-5.016363990565271
MCXCJ1327.9-3130,J1327.9-3130,20,201.9895833,-31.5025,0.048,3.138519,3.9741,1.101,RXCJ1327.9-3130,A3558,"P,GR6,losStr",south,LoVoCCS-20,A3558,201.99,-31.5,0.048,1.0,yes,Shapley supercluster,0.8599163957268927,0.8111472364143056,5.1691712087532586e-05,-4.2865790832733195
MCXCJ2034.7-3548,J2034.7-3548,21,308.6995833,-35.81333333,0.0894,2.963013,3.7297,1.0637,RXCJ2034.7-3548,A3695,"L,losStr",south,LoVoCCS-21,A3695,308.7,-35.81,0.0894,1.0,yes,,1.0,0.995598868280415,3.183637344506473e-05,-4.497076409605814
MCXCJ2249.9-6425,J2249.9-6425,23,342.4875,-64.42944444,0.094,2.828545,3.6139,1.051,RXCJ2249.9-6425,A3921,losStr,south,LoVoCCS-23,A3921,342.49,-64.43,0.094,1.0,yes,"Offset between peaks of mass map, BCG/Xray. Merging cluster.",1.0,0.8993358965396715,2.631110545291847e-05,-4.579860904783287
MCXCJ2214.5-1022,J2214.5-1022,25,333.6358333,-10.37166667,0.098,2.770068,3.5581,1.0442,RXCJ2214.5-1022,A2426,,south,LoVoCCS-25,A2426,333.64,-10.37,0.098,,yes,,1.0,1.0,2.0043282512593e-05,-4.69803115204804
MCXCJ0342.8-5338,J0342.8-5338,26,55.72458333,-53.63527778,0.059,2.76492,3.6513,1.0667,RXCJ0342.8-5338,A3158,"L,losStr",south,LoVoCCS-26,A3158,55.72,-53.64,0.059,1.0,yes,Horologium supercluster,1.0,0.9357236554438128,3.537202021896537e-05,-4.451340135410196
MCXCJ0042.1-2832,J0042.1-2832,28,10.53625,-28.53583333,0.1082,2.734146,3.5046,1.0355,RXCJ0042.1-2832,A2811,losStr,south,LoVoCCS-28,A2811,10.54,-28.54,0.1082,1.0,yes,,1.0,0.0,2.120989057819214e-05,-4.673461572002529
MCXCJ0918.1-1205,J0918.1-1205,29,139.5270833,-12.09333333,0.0539,2.716018,3.6243,1.0658,RXCJ0918.1-1205,A780,BX,south,LoVoCCS-29,A780,139.53,-12.09,0.0539,1.0,yes,The BCG is Hydra A (also 3C 218). The mass map extend to East (check montage) and seems also in RS/XMM map -- due to nearby groups/background cluster? Infalling group https://ui.adsabs.harvard.edu/abs/2022A%26A...658A.159G/abstract ,1.0,0.9750894068319153,1.980069852353927e-06,-5.703319488548191
MCXCJ2210.3-1210,J2210.3-1210,30,332.5820833,-12.17611111,0.0846,2.672473,3.5139,1.0445,RXCJ2210.3-1210,A2420,,south,LoVoCCS-30,A2420,332.58,-12.18,0.0846,1.0,yes,,1.0,0.9997049277072882,2.6513324739073253e-05,-4.576535808845676
MCXCJ1130.3-1434,J1130.3-1434,32,172.58125,-14.58305556,0.1068,2.605129,3.4062,1.0262,RXCJ1130.3-1434,A1285,,south,LoVoCCS-32,A1285,172.58,-14.58,0.1068,1.0,yes,,0.3863114377583831,1.0,2.6064720647093462e-05,-4.58394692533416
MCXCJ2246.3-5243,J2246.3-5243,34,341.5775,-52.72944444,0.0965,2.565193,3.3988,1.0289,RXCJ2246.3-5243,A3911,L,south,LoVoCCS-34,A3911,341.58,-52.73,0.0965,1.0,yes,,1.0,0.993058233706132,2.942062334235102e-05,-4.531348130001571
MCXCJ2331.2-3630,J2331.2-3630,36,352.8029167,-36.50666667,0.0957,2.419356,3.2815,1.0172,RXCJ2331.2-3630,A4010,,south,LoVoCCS-36,A4010,352.8,-36.51,0.0957,1.0,yes,Mass map peak offset (reason?). XMM centered at BCG. https://arxiv.org/pdf/2204.02699.pdf https://arxiv.org/abs/1309.3565,1.0,0.0,1.3868270730232368e-05,-4.857977688828566
MCXCJ1518.7+0613,J1518.7+0613,38,229.69,6.231111111,0.1021,2.241343,3.118,0.9979,RXCJ1518.7+0613,A2055,C,south,LoVoCCS-38,A2055,229.69,6.23,0.1021,1.0,yes,,1.0,0.0,3.407636977865117e-06,-5.467546677669282
MCXCJ1330.8-0152,J1330.8-0152,40,202.7079167,-1.872777778,0.0852,2.127767,3.0567,0.9968,RXCJ1330.8-0152,A1750,"DL,large elongation towards NE,losStr",south,LoVoCCS-40,A1750,202.71,-1.87,0.0852,1.0,yes,There're 2 centers -- RS and mass peaks are different -- merging.,0.999673309376021,1.0,1.8738115072297295e-05,-4.727274098340033
MCXCJ2154.1-5751,J2154.1-5751,41,328.5383333,-57.85527778,0.076,2.097956,3.0499,0.9991,RXCJ2154.1-5751,A3822,losStr,south,LoVoCCS-41,A3822,328.54,-57.86,0.076,,yes,,1.0,0.9824887237994164,3.2813777571762816e-05,-4.483943770097493
MCXCJ1132.8+1428,J1132.8+1428,42,173.2208333,14.46888889,0.0834,2.074613,3.0137,0.9927,RXCJ1132.8+1428,A1307,,south,LoVoCCS-42,A1307,173.22,14.47,0.0834,1.0,yes,,1.0,0.996506827564306,2.6537553442269833e-05,-4.576139118227376
MCXCJ2149.1-3041,J2149.1-3041,43,327.2808333,-30.69861111,0.1184,2.053481,2.9219,0.9713,RXCJ2149.1-3041,A3814,,south,LoVoCCS-43,A3814,327.28,-30.7,0.1184,,yes,,1.0,0.0,4.8113431396257785e-06,-5.317733668594885
MCXCJ0145.0-5300,J0145.0-5300,44,26.25958333,-53.01388889,0.1168,2.010759,2.888,0.968,RXCJ0145.0-5300,A2941,,south,LoVoCCS-44,A2941,26.26,-53.01,0.1168,,yes,,1.0,0.0,1.947033020761107e-05,-4.710626682988067
MCXCJ2223.8-0138,J2223.8-0138,45,335.9704167,-1.637777778,0.0906,1.9031,2.8449,0.9716,RXCJ2223.8-0138,A2440,,south,LoVoCCS-45,A2440,335.97,-1.64,0.0906,1.0,yes,,1.0,0.9934438873891246,1.8209523855065234e-05,-4.7397014100437005
MCXCJ1257.1-1724,J1257.1-1724,47,194.2904167,-17.40027778,0.0473,1.897483,2.9254,0.9944,RXCJ1257.1-1724,A1644,L,south,LoVoCCS-47,A1644,194.29,-17.4,0.0473,,yes,,0.9967809967809969,0.8041958041958042,3.0428531034104904e-05,-4.516719013109505
MCXCJ1141.4-1216,J1141.4-1216,48,175.35125,-12.27222222,0.1195,1.893646,2.7789,0.9548,RXCJ1141.4-1216,A1348,"X,losStr",south,LoVoCCS-48,A1348,175.35,-12.27,0.1195,1.0,yes,,0.9948353776630084,0.0,1.0358347600776621e-05,-4.984709519214415
MCXCJ2218.0-6511,J2218.0-6511,50,334.5229167,-65.185,0.0951,1.858113,2.7949,0.9644,RXCJ2218.0-6511,RBS1847,,south,LoVoCCS-50,RBS1847,334.52,-65.19,0.0951,1.0,yes,,1.0,0.9936467598475224,1.648042470379547e-05,-4.783031600640227
MCXCJ0433.6-1315,J0433.6-1315,51,68.41,-13.25916667,0.0326,1.85299,2.9118,0.9974,RXCJ0433.6-1315,A496,,south,LoVoCCS-51,A496,68.41,-13.26,0.0326,,yes,,0.6627295876903072,0.5383323400335915,1.2676719007320068e-05,-4.896993136154515
MCXCJ0006.0-3443,J0006.0-3443,56,1.5125,-34.72416667,0.1147,1.809494,2.7122,0.9486,RXCJ0006.0-3443,A2721,,south,LoVoCCS-56,A2721,1.51,-34.72,0.1147,,yes,,1.0,0.0,2.294568762515086e-05,-4.639298923049559
MCXCJ2134.2-1328,J2134.2-1328,57,323.56875,-13.48,0.0897,1.793951,2.746,0.9604,RXCJ2134.2-1328,A2351,B,south,LoVoCCS-57,A2351,323.57,-13.48,0.0897,1.0,yes,,1.0,0.0,5.259894323058367e-06,-5.279022981202469
MCXCJ2226.0+1722,J2226.0+1722,60,336.5108333,17.37805556,0.1072,1.706366,2.6308,0.9414,A2443,A2443,,north,LoVoCCS-60,A2443,336.51,17.38,0.1072,1.0,yes,Multiple BCGs; the mass peak locates at one BCG.,0.9994422755158952,0.9994422755158952,1.9118506886561247e-05,-4.718546028181673
MCXCJ1516.3+0005,J1516.3+0005,62,229.08,0.097777778,0.1181,1.689631,2.5949,0.9337,RXCJ1516.3+0005,A2050,,south,LoVoCCS-62,A2050,229.08,0.1,0.1181,1.0,yes,,1.0,1.0,6.832149921083634e-06,-5.165442612286123
MCXCJ2143.9-5637,J2143.9-5637,63,325.9929167,-56.62638889,0.0824,1.678567,2.6504,0.9514,RXCJ2143.9-5637,APMCC699,,south,LoVoCCS-63,APMCC699,325.99,-56.63,0.0824,,yes,,1.0,0.1562394318566114,6.414452215687104e-06,-5.192840425783551
MCXCJ1326.9-2710,J1326.9-2710,64,201.725,-27.18333333,0.0458,1.667482,2.7065,0.9694,RXCJ1326.9-2710,A1736,L,south,LoVoCCS-64,A1736,201.73,-27.18,0.0458,,yes,,0.7095890410958904,0.9997808219178084,2.335764974616467e-05,-4.6315708582044035
MCXCJ2152.4-1933,J2152.4-1933,65,328.1,-19.565,0.0943,1.663138,2.6137,0.9433,RXCJ2152.4-1933,A2384,"PB,GR10",south,LoVoCCS-65,A2384,328.1,-19.57,0.0943,1.0,yes,,0.8949671772428884,0.9956236323851204,2.5047713286555427e-05,-4.601231916597606
MCXCJ2357.0-3445,J2357.0-3445,66,359.2595833,-34.76055556,0.0475,1.629622,2.6658,0.964,RXCJ2357.0-3445,A4059,L,south,LoVoCCS-66,A4059,359.26,-34.76,0.0475,1.0,yes,Lensing signal is not strong.,0.8562938309758706,0.9506715796980862,1.4404569725070321e-05,-4.841499709880517
MCXCJ2321.5-4153,J2321.5-4153,68,350.3891667,-41.89888889,0.0894,1.625536,2.5863,0.9415,RXCJ2321.5-4153,A3998,losStr,south,LoVoCCS-68,A3998,350.39,-41.9,0.0894,1.0,yes,"Although deep, no clear lensing signal? Only from ACOS1111? Actually ~2.5 at R~5000pix",0.9996001599360256,0.0,6.5638838558856995e-06,-5.182839112139694
MCXCJ0005.3+1612,J0005.3+1612,69,1.344166667,16.21055556,0.1164,1.579007,2.4929,0.9218,RXCJ0005.3+1612,A2703,B,north,LoVoCCS-69,A2703,1.34,16.21,0.1164,,partially,,0.8327736736064473,0.0,8.285744274514758e-06,-5.081668474595648
MCXCJ2250.3+1054,J2250.3+1054,72,342.5875,10.9025,0.0768,1.558638,2.5431,0.9401,RXCJ2250.3+1054,A2495,,south,LoVoCCS-72,A2495,342.59,10.9,0.0768,,partially, ,0.0,1.0,1.172150750791246e-05,-4.9310165299335225
MCXCJ2209.3-5148,J2209.3-5148,73,332.3470833,-51.815,0.1065,1.5527,2.485,0.9239,RXCJ2209.3-5148,A3836,,south,LoVoCCS-73,A3836,332.35,-51.82,0.1065,,yes,,1.0,0.0,9.160410046812303e-06,-5.03808508560266
MCXCJ2307.2-1513,J2307.2-1513,74,346.81375,-15.22833333,0.111,1.552593,2.4769,0.9215,RXCJ2307.2-1513,A2533,,south,LoVoCCS-74,A2533,346.81,-15.23,0.111,1.0,yes,The BCG looks interesting — looks like there’s some dust lane/disk/jet. (http://etheses.dur.ac.uk/12338/). ,0.9993815708101422,0.9715522572665428,9.923666098340152e-06,-5.003327856863346
MCXCJ2313.0-2137,J2313.0-2137,75,348.25375,-21.63194444,0.0871,1.509152,2.4758,0.9286,RXCJ2313.0-2137,A2556,,south,LoVoCCS-75,A2556,348.25,-21.63,0.0871,1.0,yes,"Note nearby clusters A2550, AQ, SPT",1.0,0.9964857477547832,8.37493172278085e-06,-5.077018724892954
MCXCJ1521.8+0742,J1521.8+0742,78,230.4583333,7.708888889,0.0442,1.482131,2.5215,0.9473,RXCJ1521.8+0742,MKW3s,,south,LoVoCCS-78,MKW3s,230.46,7.71,0.0442,,yes,"Near A2052, A2063",0.8339954901750242,0.8291635348437668,7.214657648876577e-06,-5.141784272294859
MCXCJ0328.6-5542,J0328.6-5542,79,52.15625,-55.71277778,0.0853,1.467361,2.4368,0.9243,RXCJ0328.6-5542,A3126,,south,LoVoCCS-79,A3126,52.16,-55.71,0.0853,1.0,yes,Special mass map -- but matches DES Y3 Weiner map. Hints of high redshift red galaxies.,1.0,0.8880397401604891,1.8112598574622297e-05,-4.742019237943238
MCXCJ0345.9-2416,J0345.9-2416,80,56.48333333,-24.28027778,0.1057,1.462214,2.397,0.9131,RXCJ0345.9-2416,A458,,south,LoVoCCS-80,A458,56.48,-24.28,0.1057,,yes,,0.9988564894225272,0.0,8.807909750841674e-06,-5.055127143958223
MCXCJ0102.7-2152,J0102.7-2152,81,15.67541667,-21.87361111,0.0569,1.460216,2.4774,0.9379,RXCJ0102.7-2152,A133,,south,LoVoCCS-81,A133,15.68,-21.87,0.0569,1.0,yes,"Collaborator's observation (Ana Costa, Yara Jaffe, 2022B-791264).",0.9966555183946488,1.0,1.6507099877251915e-05,-4.7823292209795385
MCXCJ1516.7+0701,J1516.7+0701,82,229.1833333,7.018611111,0.0353,1.442058,2.4945,0.9465,RXCJ1516.7+0701,A2052,,south,LoVoCCS-82,A2052,229.18,7.02,0.0353,,yes,"Near A2055,A2063,MKW3s",0.6342044419533385,0.85300917816857,6.9093748554612664e-06,-5.160561244826294
MCXCJ2216.2-0920,J2216.2-0920,83,334.0645833,-9.34,0.0825,1.438718,2.4124,0.922,RXCJ2216.2-0920,A2428,,south,LoVoCCS-83,A2428,334.06,-9.34,0.0825,1.0,yes,,1.0,0.0,6.676413666191379e-06,-5.175456762559214
MCXCJ0056.3-0112,J0056.3-0112,85,14.07625,-1.216666667,0.0442,1.437223,2.4747,0.9413,RXCJ0056.3-0112,A119,"L,losStr",south,LoVoCCS-85,A119,14.08,-1.22,0.0442,,partially,Collaborator's observation (...).,0.7860328510823452,0.6794300010877842,2.6765155170932143e-05,-4.572430234451884
MCXCJ2312.3-2130,J2312.3-2130,88,348.08625,-21.50055556,0.1108,1.431443,2.3576,0.9065,RXCJ2312.3-2130,A2554,losStr,south,LoVoCCS-88,A2554,348.09,-21.5,0.1108,1.0,yes,Near A2556,1.0,0.9519291587602784,1.2111863605619173e-05,-4.916789028502893
MCXCJ1511.3+0619,J1511.3+0619,89,227.8479167,6.318888889,0.0817,1.406968,2.3811,0.9183,A2033,A2033,,south,LoVoCCS-89,A2033,227.85,6.32,0.0817,1.0,yes,Done Together with A2029,0.870403427347376,0.9992859692966798,1.484809301276136e-05,-4.828329320570089
MCXCJ2319.1-4206,J2319.1-4206,90,349.775,-42.11388889,0.045,1.405897,2.4403,0.9367,MS2316.3-4222,ACOS1111,,south,LoVoCCS-90,ACOS1111,349.77,-42.11,0.045,,yes,Near A3998,0.6354629313290058,0.4834301332422275,5.499243015352508e-07,-6.259697088120516
MCXCJ0028.6-2338,J0028.6-2338,91,7.16375,-23.63722222,0.112,1.404549,2.3285,0.9024,RXCJ0028.6-2338,A42,,south,LoVoCCS-91,A42,7.16,-23.64,0.112,,partially,,0.0,0.0,1.1562328708559126e-05,-4.93695468811052
MCXCJ1244.6-1159,J1244.6-1159,92,191.1583333,-11.98527778,0.0963,1.375433,2.3246,0.9066,RXCJ1244.6-1159,A1606,,south,LoVoCCS-92,A1606,191.16,-11.99,0.0963,,yes,,1.0,0.0,1.3762411059383096e-06,-5.8613054746718865
MCXCJ1602.3+1601,J1602.3+1601,95,240.5779167,16.02,0.0353,1.35838,2.4052,0.9351,A2147,A2147,,north,LoVoCCS-95,A2147,240.58,16.02,0.0353,1.0,yes,Clear shift of lensing peak --  Probably it's caused by nearby clusters. Part of Hercules supercluster: https://ui.adsabs.harvard.edu/abs/2022MNRAS.509.3470M/abstract ,0.6140754039497307,0.4279353680430879,2.3713143093303165e-05,-4.625010878007942
MCXCJ2354.2-1024,J2354.2-1024,96,358.5558333,-10.41277778,0.0765,1.336537,2.316,0.9113,RXCJ2354.2-1024,A2670,"B,losStr",south,LoVoCCS-96,A2670,358.56,-10.41,0.0765,1.0,yes,,1.0,0.99808,1.2363525498072545e-05,-4.907857671153472
MCXCJ1257.2-3022,J1257.2-3022,97,194.3204167,-30.37694444,0.0554,1.323277,2.3354,0.9201,RXCJ1257.2-3022,A3532,"B,GR5",south,LoVoCCS-97,A3532,194.32,-30.38,0.0554,,yes,Near A3528. A3530. eRosita data.,0.9897302001740644,0.7364664926022628,2.4010743784473226e-05,-4.619594386528177
MCXCJ0912.4+1556,J0912.4+1556,98,138.1241667,15.94305556,0.0851,1.312476,2.2769,0.9037,A763,A763,,north,LoVoCCS-98,A763,138.12,15.94,0.0851,1.0,yes,,0.0,0.9904799682665608,1.482459182312746e-06,-5.829017255562607
MCXCJ1516.5-0056,J1516.5-0056,99,229.1416667,-0.948888889,0.1198,1.296543,2.2053,0.8839,RXCJ1516.5-0056,A2051,,south,LoVoCCS-99,A2051,229.14,0.95,0.1198,,yes,Near A2050 (1 deg). Small BCG. ,0.0,0.0,1.6328559598474723e-05,-4.787052124266683
MCXCJ0013.6-1930,J0013.6-1930,103,3.409583333,-19.50222222,0.094,1.236332,2.1818,0.8883,RXCJ0013.6-1930,A13,losStr,south,LoVoCCS-103,A13,3.41,-19.5,0.094,,partially,,1.0,0.9995061728395062,1.2314842680187443e-05,-4.909571131820241
MCXCJ2359.9-3928,J2359.9-3928,105,359.9820833,-39.47972222,0.1024,1.22609,2.1579,0.8826,RXCJ2359.9-3928,A4068,,south,LoVoCCS-105,A4068,359.98,-39.48,0.1024,,partially,,0.9994256174612292,0.0,4.629604924460298e-06,-5.334456068689957
MCXCJ2316.1-2027,J2316.1-2027,107,349.03125,-20.45527778,0.0822,1.211831,2.1731,0.8906,RXCJ2316.1-2027,A2566,,south,LoVoCCS-107,A2566,349.03,-20.46,0.0822,,partially,,1.0,0.9726185885075204,3.854620717705533e-06,-5.414018348692473
MCXCJ0212.8-4707,J0212.8-4707,111,33.22458333,-47.13277778,0.115,1.162194,2.0701,0.8668,RXCJ0212.8-4707,A2988,,south,LoVoCCS-111,A2988,33.22,-47.13,0.115,,partially,,0.0,0.8699186991869918,8.923250887460523e-06,-5.04947689615354
MCXCJ0107.8-3643,J0107.8-3643,112,16.95458333,-36.72722222,0.1186,1.156778,2.0589,0.8642,RXCJ0107.8-3643,A2871,,south,LoVoCCS-112,A2871,16.95,-36.73,0.1186,,partially,,0.0,0.0,3.990630087670231e-06,-5.398958527372369
MCXCJ1523.0+0836,J1523.0+0836,114,230.7725,8.6025,0.0355,1.138819,2.1598,0.902,RXCJ1523.0+0836,A2063,,south,LoVoCCS-114,A2063,230.77,8.6,0.0355,,almost,,0.6707288493086477,0.8563393484883993,8.484438326982556e-06,-5.0713769028532125
MCXCJ2205.6-0535,J2205.6-0535,117,331.41875,-5.593333333,0.0582,1.108636,2.0925,0.8862,RXCJ2205.6-0535,A2415,B,south,LoVoCCS-117,A2415,331.42,-5.59,0.0582,,partially,,1.0,0.9163412127440904,5.97366370881352e-06,-5.223759229926985
MCXCJ0330.0-5235,J0330.0-5235,118,52.50291667,-52.59611111,0.0624,1.101682,2.0786,0.8831,RXCJ0330.0-5235,A3128,"DL,two maxima/NE-SW",south,LoVoCCS-118,A3128,52.5,-52.6,0.0624,1.0,yes,"Merging cluster with multiple central galaxies. A3125 small clump SW. No clear connection with A3128? Central APMCC421. https://arxiv.org/pdf/0807.4579.pdf XMM mupltiple peaks. https://openaccess.wgtn.ac.nz/articles/thesis/Characterising_Radio_Emissions_in_Cosmic_Filaments/17006248"" https://ui.adsabs.harvard.edu/abs/2005AJ....130..957F/abstract ",1.0,0.8324286051451498,1.4347068839712722e-05,-4.8432368178684895
MCXCJ1027.9-0647,J1027.9-0647,119,156.9983333,-6.796111111,0.1176,1.095941,1.9936,0.8553,RXCJ1027.9-0647,A1023,X *,south,LoVoCCS-119,A1023,157.0,-6.8,0.1176,1.0,yes,,0.0,0.0,4.447252876522597e-06,-5.351908175305738
MCXCJ1254.6-2913,J1254.6-2913,120,193.6725,-29.22333333,0.0544,1.093054,2.0799,0.8855,RXCJ1254.6-2913,A3528,"PB,GR4",south,LoVoCCS-120,A3528,193.67,-29.22,0.0544,,yes,"With A3532, A3530 nearby. eRosita data.",0.9770784064034927,0.9899945424777152,2.0871618980324655e-05,-4.680443862053337
MCXCJ1113.3+0231,J1113.3+0231,121,168.33625,2.532222222,0.078,1.090082,2.0432,0.8736,RXCJ1113.3+0231,A1205,,south,LoVoCCS-121,A1205,168.34,2.53,0.078,1.0,yes,Lensing mainly comes from the nearby background cluster?,1.0,0.0,1.007342683454596e-05,-4.99682276359102
MCXCJ0011.3-2851,J0011.3-2851,123,2.83625,-28.855,0.062,1.086002,2.0611,0.8807,RXCJ0011.3-2851,A2734,losStr,south,LoVoCCS-123,A2734,2.84,-28.86,0.062,,partially,,1.0,0.987549917782476,1.3938784928397998e-05,-4.8557750829016735
MCXCJ2145.9-1006,J2145.9-1006,124,326.4783333,-10.10444444,0.0808,1.085118,2.0336,0.8715,RXCJ2145.9-1006,A2377,"P,GR9",south,LoVoCCS-124,A2377,326.48,-10.1,0.0808,,partially,,0.9996095275283092,0.0,1.2383459858992673e-05,-4.907157999278658
MCXCJ0425.8-0833,J0425.8-0833,125,66.46416667,-8.559166667,0.0397,1.080714,2.0861,0.8905,RXCJ0425.8-0833,RBS0540,X,south,LoVoCCS-125,RBS0540,66.46,-8.56,0.0397,1.0,yes,,0.6318708527285333,0.670793304942062,6.082920168135303e-06,-5.215887883153355
MCXCJ0910.6-1034,J0910.6-1034,128,137.65125,-10.58111111,0.0916,1.063423,1.9936,0.8627,RXCJ0910.6-1034,A761,,south,LoVoCCS-128,A761,137.65,-10.58,0.0916,,yes,,0.9995022399203584,0.0,7.72075241575516e-06,-5.112340374005251
MCXCJ2359.3-6042,J2359.3-6042,130,359.83,-60.7,0.0989,1.051539,1.9699,0.8572,RXCJ2359.3-6042,A4067,,south,LoVoCCS-130,A4067,359.83,-60.7,0.0989,,partially,,1.0,0.996553704767375,2.996261247161775e-06,-5.523420322730129
MCXCJ2158.4-6023,J2158.4-6023,131,329.6133333,-60.39944444,0.075,1.050267,2.0015,0.8685,RXCJ2158.4-6023,A3825,losStr,south,LoVoCCS-131,A3825,329.61,-60.4,0.075,1.0,yes,Very weak lensing signal. With A3827,1.0,0.0,1.1064606046314566e-05,-4.956064044453174
MCXCJ1353.0+0509,J1353.0+0509,132,208.2541667,5.155,0.0788,1.044658,1.9898,0.8657,RXCJ1353.0+0509,A1809,,south,LoVoCCS-132,A1809,208.25,5.16,0.0788,,partially,,0.9935532802427,0.0,9.080550520351151e-06,-5.041887821005013
MCXCJ2347.7-2808,J2347.7-2808,134,356.93,-28.14138889,0.03,1.029501,2.0383,0.8863,RXCJ2347.7-2808,A4038,L,south,LoVoCCS-134,A4038,356.93,-28.14,0.03,,partially,,0.3826712689405019,0.5564851108640965,6.439145924832343e-06,-5.191171732753604
MCXCJ0314.3-4525,J0314.3-4525,135,48.5825,-45.42416667,0.0718,1.027456,1.9792,0.8662,RXCJ0314.3-4525,A3104,,south,LoVoCCS-135,A3104,48.58,-45.42,0.0718,,partially,,0.9996824388694824,0.0,6.047112840605746e-06,-5.218451927277112
MCXCJ0448.2-2028,J0448.2-2028,139,72.05083333,-20.46972222,0.072,1.004022,1.9513,0.862,RXCJ0448.2-2028,A514,losStr,south,LoVoCCS-139,A514,72.05,-20.47,0.072,,partially,,1.0,0.75136,1.2299197478810225e-05,-4.910123225300023
MCXCJ2323.8+1648,J2323.8+1648,140,350.9729167,16.80888889,0.0416,1.002026,1.9896,0.876,A2589,A2589,,north,LoVoCCS-140,A2589,350.97,16.81,0.0416,,no,,0.7031861375069871,0.9210732252655116,9.660281769662616e-06,-5.015010205962874
MCXCJ1558.3-1410,J1558.3-1410,19,239.5966667,-14.16777778,0.097,3.179797,3.8731,1.0745,RXCJ1558.3-1410,,B,south,LoVoCCS-19,RXCJ1558.3-1410,239.6,-14.17,0.097,,yes,,1.0,0.7518743305962157,1.1978569426959503e-05,-4.9215950456424995
MCXCJ1217.6+0339,J1217.6+0339,27,184.4191667,3.6625,0.0766,2.744796,3.5915,1.0548,RXCJ1217.6+0339,ZwCl1215,,south,LoVoCCS-27,RXCJ1217.6+0339,184.42,3.66,0.0766,1.0,yes,,1.0,0.960231381055676,3.8151999253630234e-05,-4.418482699070317
MCXCJ1539.5-8335,J1539.5-8335,39,234.89125,-83.59222222,0.0728,2.235082,3.177,1.0138,RXCJ1539.5-8335,,,south,LoVoCCS-39,RXCJ1539.5-8335,234.89,-83.59,0.0728,1.0,yes,,1.0,0.954729568739576,4.164955605551398e-06,-5.3803896233968835
MCXCJ2344.2-0422,J2344.2-0422,52,356.0666667,-4.3675,0.0786,1.852614,2.8221,0.9727,RXCJ2344.2-0422,,,south,LoVoCCS-52,RXCJ2344.2-0422,356.07,-4.37,0.0786,,yes,,1.0,0.973551263001486,1.7429428287550958e-05,-4.758716858193162
MCXCJ1215.4-3900,J1215.4-3900,54,183.8708333,-39.01527778,0.119,1.834651,2.7267,0.9489,RXCJ1215.4-3900,,,south,LoVoCCS-54,RXCJ1215.4-3900,183.87,-39.02,0.119,1.0,yes,,0.0,0.99870214146658,2.6705451536882983e-05,-4.573400074563639
MCXCJ2313.9-4244,J2313.9-4244,55,348.4941667,-42.73388889,0.0564,1.811143,2.8261,0.9802,RXCJ2313.9-4244,S1101,,south,LoVoCCS-55,RXCJ2313.9-4244,348.49,-42.73,0.0564,1.0,yes,No clear lensing signal. Could be affected by nearby clusters. Close to ACOS1111.,0.9896972578855604,0.9587890315422412,5.567213102739042e-06,-5.254362154376138
MCXCJ2218.2-0350,J2218.2-0350,59,334.57125,-3.834166667,0.0901,1.725034,2.6804,0.9526,RXCJ2218.2-0350,MS2215,"D,two maxima/NEE-SWW",south,LoVoCCS-59,RXCJ2218.2-0350,334.57,-3.83,0.0901,1.0,yes,Unrelaxed,1.0,0.9964525029562477,1.8527165009049617e-05,-4.7321910304987345
MCXCJ0049.4-2931,J0049.4-2931,84,12.35,-29.52444444,0.1084,1.438047,2.3682,0.9086,RXCJ0049.4-2931,S84,,south,LoVoCCS-84,RXCJ0049.4-2931,12.35,-29.52,0.1084,,partially,,1.0,0.0,6.271996112544398e-06,-5.2025942195042685
MCXCJ0034.6-0208,J0034.6-0208,101,8.65,-2.14,0.0812,1.253723,2.2202,0.8972,RXCJ0034.6-0208,,"DL,two maxima/E-W",south,LoVoCCS-101,RXCJ0034.6-0208,8.65,-2.14,0.0812,,partially,,1.0,0.0,1.1452610948240542e-05,-4.941095492263056
MCXCJ0034.2-0204,J0034.2-0204,104,8.557916667,-2.075277778,0.0822,1.230023,2.193,0.8933,RXCJ0034.2-0204,SH518,,south,LoVoCCS-104,RXCJ0034.2-0204,8.56,-2.08,0.0822,,partially,,0.9377149407718762,0.0,9.109001157935962e-06,-5.040529242717388
MCXCJ1139.4-3327,J1139.4-3327,106,174.86375,-33.45388889,0.1076,1.21861,2.142,0.8789,RXCJ1139.4-3327,,,south,LoVoCCS-106,RXCJ1139.4-3327,174.86,-33.45,0.1076,1.0,yes,,0.0,0.0,7.890430193699152e-06,-5.102899318000148
MCXCJ1332.9-2519,J1332.9-2519,113,203.2325,-25.32388889,0.1199,1.139833,2.0385,0.861,RXCJ1332.9-2519,,X,south,LoVoCCS-113,RXCJ1332.9-2519,203.23,-25.32,0.1199,1.0,yes,Not very clear lensing peak,0.0,0.0,1.792425162473466e-06,-5.746558967991157
MCXCJ0821.0+0751,J0821.0+0751,116,125.2575,7.866111111,0.11,1.110969,2.0211,0.8614,RXCJ0821.0+0751,RXJ0820.9+0751,,south,LoVoCCS-116,RXCJ0821.0+0751,125.26,7.87,0.11,1.0,yes,,1.0,0.969114619080302,3.381173139530806e-06,-5.470932589773249
MCXCJ2125.2-0657,J2125.2-0657,137,321.3016667,-6.965555556,0.1153,1.018847,1.91,0.8438,RXCJ2125.2-0657,,,south,LoVoCCS-137,RXCJ2125.2-0657,321.3,-6.97,0.1153,,partially,,0.0,0.0,7.583798246147648e-06,-5.1201132291708165
MCXCJ1416.8-1158,J1416.8-1158,141,214.2145833,-11.97611111,0.0982,1.001648,1.9133,0.8491,RXCJ1416.8-1158,,X,south,LoVoCCS-141,RXCJ1416.8-1158,214.21,-11.98,0.0982,,no,,0.0,0.864927536231884,-5.208553340469897e-09,
MCXCJ1459.0-0843,J1459.0-0843,142,224.7645833,-8.725,0.1043,1.001337,1.9047,0.8461,RXCJ1459.0-0843,,,south,LoVoCCS-142,RXCJ1459.0-0843,224.76,-8.73,0.1043,,partially,,0.0,0.0,7.628835450945915e-06,-5.117541752455119
