NAME,ALT_NAME,OTHER_NAMES,MCXC_RA,MCXC_DEC,MCXC_REDSHIFT,CATALOG_NAME,SUB_CATALOG_NAME,LINEAR_SCALE_FACTOR,LX_500,MASS_500,RADIUS_500,NOTES,OVERLAP_CAT_1,OVERLAP_CAT_2,OVERLAP_CAT_3,OVERLAP_CAT_4,LX_RATIO_CAT_1,LX_RATIO_CAT_2,LX_RATIO_CAT_3,LX_RATIO_CAT_4,LoVoCCSID
MCXC J1558.3+2713,"RXC J1558.3+2713  ","A2142                                                 ",239.5858,27.2269,0.0894,NORAS/REFLEX,"NORAS       ",1.669,1.0676087E45,8.149100000000001E14,1.3803,"L                                         ","BCS         ",,,,1.045,,,,0
MCXC J1510.9+0543,"A2029             ","A2029                                                 ",227.7292,5.72,0.0766,"BCS         ","BCS         ",1.451,8.726709E44,7.2708E14,1.3344,,,,,,,,,,1
MCXC J0258.9+1334,"RXC J0258.9+1334  ","A0401                                                 ",44.7396,13.5794,0.0739,NORAS/REFLEX,"NORAS       ",1.405,6.088643000000001E44,5.8488E14,1.2421,"L                                         ","BCS         ",,,,0.88,,,,2
MCXC J1348.8+2635,"RXC J1348.8+2635  ","A1795                                                 ",207.2208,26.5956,0.0622,NORAS/REFLEX,"NORAS       ",1.199,5.478067000000001E44,5.5280000000000006E14,1.2236,,"BCS         ",,,,1.197,,,,3
MCXC J0041.8-0918,"RXC J0041.8-0918  ","A0085                                                 ",10.4588,-9.3019,0.0555,NORAS/REFLEX,"REFLEX      ",1.078,5.1000850000000005E44,5.3163E14,1.2103,"L,losStr                                  ","SGP         ",,,,0.945,,,,4
MCXC J2012.5-5649,"RXC J2012.5-5649  ","A3667                                                 ",303.1271,-56.8319,0.0556,NORAS/REFLEX,"REFLEX      ",1.08,4.871933E44,5.1696E14,1.199,"L,losStr                                  ",,,,,,,,,5
MCXC J1524.1+2955,"A2069             ","A2069                                                 ",231.0408,29.9211,0.1145,"BCS         ","BCS         ",2.077,4.263016000000001E44,4.5740999999999994E14,1.1292,,"EMSS_1994   ",,,,0.269,,,,6
MCXC J2201.9-5956,"RXC J2201.9-5956  ","A3827                                                 ",330.4833,-59.9494,0.098,NORAS/REFLEX,"REFLEX      ",1.812,4.204419E44,4.5890000000000006E14,1.1367,,,,,,,,,,7
MCXC J1702.7+3403,"RXC J1702.7+3403  ","A2244                                                 ",255.6788,34.0619,0.0953,NORAS/REFLEX,"NORAS       ",1.767,4.0452260000000005E44,4.4908E14,1.1295,,"BCS         ",,,,1.186,,,,8
MCXC J0431.4-6126,"RXC J0431.4-6126  ","A3266                                                 ",67.8504,-61.4439,0.0589,NORAS/REFLEX,"REFLEX      ",1.139,3.977333E44,4.5579E14,1.1485,,,,,,,,,,9
MCXC J1259.3-0411,"RXC J1259.3-0411  ","A1651                                                 ",194.8396,-4.1947,0.0845,NORAS/REFLEX,"REFLEX      ",1.587,3.853573000000001E44,4.3928E14,1.1252,,,,,,,,,,10
MCXC J0909.1-0939,"RXC J0909.1-0939  ","A0754                                                 ",137.285,-9.6661,0.0542,NORAS/REFLEX,"REFLEX      ",1.054,3.8496600000000004E44,4.4824E14,1.1439,,,,,,,,,,11
MCXC J1347.4-3250,"RXC J1347.4-3250  ","A3571                                                 ",206.8683,-32.8497,0.0391,NORAS/REFLEX,"REFLEX      ",0.774,3.81992E44,4.5067000000000006E14,1.1514,"L                                         ",,,,,,,,,12
MCXC J0317.9-4414,"RXC J0317.9-4414  ","A3112                                                 ",49.4937,-44.2389,0.0752,NORAS/REFLEX,"REFLEX      ",1.427,3.815928000000001E44,4.3948E14,1.1288,,"SGP         ",,,,0.933,,,,13
MCXC J0257.8+1302,"RXC J0257.8+1302  ","A0399                                                 ",44.4575,13.0492,0.0722,NORAS/REFLEX,"NORAS       ",1.375,3.592916E44,4.2451999999999994E14,1.1169,,"BCS         ",,,,0.887,,,,14
MCXC J2325.3-1207,"RXC J2325.3-1207  ","A2597                                                 ",351.3333,-12.1272,0.0852,NORAS/REFLEX,"REFLEX      ",1.598,3.5579350000000004E44,4.1821E14,1.1066,,"SGP         ",,,,0.907,,,,15
MCXC J1703.8+7838,"RXC J1703.8+7838  ","A2256                                                 ",255.9533,78.6444,0.0581,NORAS/REFLEX,"NORAS       ",1.125,3.5434670000000005E44,4.2501999999999994E14,1.1224,"L                                         ","BCS         ",,,,1.048,,,,16
MCXC J1510.1+3330,"RXC J1510.1+3330  ","A2034                                                 ",227.5488,33.5147,0.113,NORAS/REFLEX,"NORAS       ",2.053,3.513114E44,4.0694999999999994E14,1.0866,"BC                                        ","BCS         ",,,,1.044,,,,17
MCXC J1258.6-0145,"RXC J1258.6-0145  ","A1650                                                 ",194.6712,-1.7569,0.0845,NORAS/REFLEX,"REFLEX      ",1.587,3.470646E44,4.1213E14,1.1015,,,,,,,,,,18
MCXC J0052.7-8015,"RXC J0052.7-8015  ","A2837                                                 ",13.1871,-80.2664,0.1141,NORAS/REFLEX,"REFLEX      ",2.071,3.3933060000000003E44,3.9812E14,1.0783,,,,,,,,,,19
MCXC J1558.3-1410,"RXC J1558.3-1410  ",,239.5967,-14.1678,0.097,NORAS/REFLEX,"REFLEX      ",1.795,3.1797970000000006E44,3.8731E14,1.0745,"B                                         ",,,,,,,,,20
MCXC J1327.9-3130,"RXC J1327.9-3130  ","A3558                                                 ",201.9896,-31.5025,0.048,NORAS/REFLEX,"REFLEX      ",0.941,3.1385190000000003E44,3.9741E14,1.101,"P,GR6,losStr                              ",,,,,,,,,21
MCXC J2034.7-3548,"RXC J2034.7-3548  ","A3695                                                 ",308.6996,-35.8133,0.0894,NORAS/REFLEX,"REFLEX      ",1.669,2.9630130000000005E44,3.7297E14,1.0637,"L,losStr                                  ",,,,,,,,,22
MCXC J1712.7+6403,"RXC J1712.7+6403  ","A2255                                                 ",258.1967,64.0614,0.0809,NORAS/REFLEX,"NORAS       ",1.525,2.9490600000000005E44,3.741E14,1.0678,"L                                         ","BCS         ",,,,0.855,,,,23
MCXC J2249.9-6425,"RXC J2249.9-6425  ","A3921                                                 ",342.4875,-64.4294,0.094,NORAS/REFLEX,"REFLEX      ",1.746,2.8285450000000004E44,3.6139E14,1.051,"losStr                                    ",,,,,,,,,24
MCXC J1143.5+4623,"RXC J1143.5+4623  ","A1361                                                 ",175.8762,46.3844,0.1167,NORAS/REFLEX,"NORAS       ",2.112,2.786307E44,3.5238E14,1.0344,,"BCS         ",,,,0.757,,,,25
MCXC J2214.5-1022,"RXC J2214.5-1022  ","A2426                                                 ",333.6358,-10.3717,0.098,NORAS/REFLEX,"REFLEX      ",1.812,2.7700680000000005E44,3.5581E14,1.0442,,"SGP         ",,,,0.947,,,,26
MCXC J0342.8-5338,"RXC J0342.8-5338  ","A3158                                                 ",55.7246,-53.6353,0.059,NORAS/REFLEX,"REFLEX      ",1.141,2.7649200000000004E44,3.6513E14,1.0667,"L,losStr                                  ",,,,,,,,,27
MCXC J1217.6+0339,"RXC J1217.6+0339  ","Zw 1215.1+0400                                        ",184.4192,3.6625,0.0766,NORAS/REFLEX,"NORAS       ",1.451,2.7447960000000002E44,3.5915E14,1.0548,,"BCS         ",,,,1.099,,,,28
MCXC J0042.1-2832,"RXC J0042.1-2832  ","A2811                                                 ",10.5363,-28.5358,0.1082,NORAS/REFLEX,"REFLEX      ",1.977,2.7341460000000003E44,3.5046E14,1.0355,"losStr                                    ","SGP         ",,,,0.927,,,,29
MCXC J0918.1-1205,"RXC J0918.1-1205  ","A0780                                                 ",139.5271,-12.0933,0.0539,NORAS/REFLEX,"REFLEX      ",1.049,2.716018E44,3.6243E14,1.0658,"BX                                        ",,,,,,,,,30
MCXC J2210.3-1210,"RXC J2210.3-1210  ","A2420                                                 ",332.5821,-12.1761,0.0846,NORAS/REFLEX,"REFLEX      ",1.588,2.6724730000000004E44,3.5139E14,1.0445,,"SGP         ",,,,0.913,,,,31
MCXC J1522.4+2742,"RXC J1522.4+2742  ","A2065                                                 ",230.6104,27.7094,0.0723,NORAS/REFLEX,"NORAS       ",1.377,2.6278740000000005E44,3.5078E14,1.048,,"BCS         ",,,,0.966,,,,32
MCXC J1130.3-1434,"RXC J1130.3-1434  ","A1285                                                 ",172.5813,-14.5831,0.1068,NORAS/REFLEX,"REFLEX      ",1.954,2.605129E44,3.4062E14,1.0262,,"EMSS_1994   ",,,,0.547,,,,33
MCXC J0011.7+3225,"RXC J0011.7+3225  ","A0007                                                 ",2.935,32.4169,0.1073,NORAS/REFLEX,"NORAS       ",1.962,2.571958E44,3.3785E14,1.0232,,"BCS         ",,,,1.042,,,,34
MCXC J2246.3-5243,"RXC J2246.3-5243  ","A3911                                                 ",341.5775,-52.7294,0.0965,NORAS/REFLEX,"REFLEX      ",1.787,2.5651930000000002E44,3.3988E14,1.0289,"L                                         ",,,,,,,,,35
MCXC J0736.4+3925,"RXC J0736.4+3925  ",,114.1058,39.4333,0.1177,NORAS/REFLEX,"NORAS       ",2.127,2.518069E44,3.3105E14,1.0128,"C                                         ",,,,,,,,,36
MCXC J2331.2-3630,"RXC J2331.2-3630  ","A4010                                                 ",352.8029,-36.5067,0.0957,NORAS/REFLEX,"REFLEX      ",1.774,2.4193560000000004E44,3.2815E14,1.0172,,"SGP         ",,,,0.911,,,,37
MCXC J1539.8+3043,"RXC J1539.8+3043  ","A2110                                                 ",234.9529,30.7172,0.098,NORAS/REFLEX,"NORAS       ",1.812,2.257681E44,3.1409E14,1.0017,,"BCS         ",,,,0.93,,,,38
MCXC J1518.7+0613,"RXC J1518.7+0613  ","A2055                                                 ",229.69,6.2311,0.1021,NORAS/REFLEX,"NORAS       ",1.878,2.2413430000000002E44,3.118E14,0.9979,"C                                         ","BCS         ",,,,1.281,,,,39
MCXC J1539.5-8335,"RXC J1539.5-8335  ",,234.8913,-83.5922,0.0728,NORAS/REFLEX,"REFLEX      ",1.386,2.2350820000000006E44,3.177E14,1.0138,,,,,,,,,,40
MCXC J1330.8-0152,"RXC J1330.8-0152  ","A1750                                                 ",202.7079,-1.8728,0.0852,NORAS/REFLEX,"REFLEX      ",1.598,2.1277670000000003E44,3.0567E14,0.9968,"DL,large elongation towards NE,losStr     ",,,,,,,,,41
MCXC J2154.1-5751,"RXC J2154.1-5751  ","A3822                                                 ",328.5383,-57.8553,0.076,NORAS/REFLEX,"REFLEX      ",1.441,2.097956E44,3.0499E14,0.9991,"losStr                                    ",,,,,,,,,42
MCXC J1132.8+1428,"RXC J1132.8+1428  ","A1307                                                 ",173.2208,14.4689,0.0834,NORAS/REFLEX,"NORAS       ",1.568,2.074613E44,3.0137E14,0.9927,,,,,,,,,,43
MCXC J2149.1-3041,"RXC J2149.1-3041  ","A3814                                                 ",327.2808,-30.6986,0.1184,NORAS/REFLEX,"REFLEX      ",2.138,2.0534810000000003E44,2.9219E14,0.9713,,,,,,,,,,44
MCXC J0145.0-5300,"RXC J0145.0-5300  ","A2941                                                 ",26.2596,-53.0139,0.1168,NORAS/REFLEX,"REFLEX      ",2.113,2.0107590000000005E44,2.888E14,0.968,,,,,,,,,,45
MCXC J2223.8-0138,"RXC J2223.8-0138  ","A2440                                                 ",335.9704,-1.6378,0.0906,NORAS/REFLEX,"REFLEX      ",1.689,1.9031000000000003E44,2.8449E14,0.9716,,"SGP         ",,,,0.927,,,,46
MCXC J1628.6+3932,"RXC J1628.6+3932  ","A2199                                                 ",247.1583,39.5486,0.0299,NORAS/REFLEX,"NORAS       ",0.599,1.9006910000000002E44,2.9626E14,1.004,"L                                         ","BCS         ",,,,1.152,,,,47
MCXC J1257.1-1724,"RXC J1257.1-1724  ","A1644                                                 ",194.2904,-17.4003,0.0473,NORAS/REFLEX,"REFLEX      ",0.928,1.897483E44,2.9254E14,0.9944,"L                                         ",,,,,,,,,48
MCXC J1141.4-1216,"RXC J1141.4-1216  ","A1348                                                 ",175.3512,-12.2722,0.1195,NORAS/REFLEX,"REFLEX      ",2.155,1.893646E44,2.7789E14,0.9548,"X,losStr                                  ",,,,,,,,,49
MCXC J1521.2+3038,"A2061             ","A2061                                                 ",230.3208,30.64,0.0777,"BCS         ","BCS         ",1.47,1.884743E44,2.8536E14,0.9766,,,,,,,,,,50
MCXC J2218.0-6511,"RXC J2218.0-6511  ","RBS 1847                                              ",334.5229,-65.185,0.0951,NORAS/REFLEX,"REFLEX      ",1.764,1.858113E44,2.7949000000000003E14,0.9644,,,,,,,,,,51
MCXC J0433.6-1315,"RXC J0433.6-1315  ","A0496                                                 ",68.41,-13.2592,0.0326,NORAS/REFLEX,"REFLEX      ",0.651,1.85299E44,2.9118E14,0.9974,,,,,,,,,,52
MCXC J2344.2-0422,"RXC J2344.2-0422  ",,356.0667,-4.3675,0.0786,NORAS/REFLEX,"REFLEX      ",1.486,1.852614E44,2.8221E14,0.9727,,"SGP         ",,,,0.915,,,,53
MCXC J0043.8+2424,"ZwCl235           ","ZwCl235                                               ",10.9671,24.4019,0.083,"BCS         ","BCS         ",1.561,1.83959E44,2.8014E14,0.969,,,,,,,,,,54
MCXC J1215.4-3900,"RXC J1215.4-3900  ",,183.8708,-39.0153,0.119,NORAS/REFLEX,"REFLEX      ",2.148,1.8346510000000002E44,2.7267E14,0.9489,,,,,,,,,,55
MCXC J2313.9-4244,"RXC J2313.9-4244  ","S1101                                                 ",348.4942,-42.7339,0.0564,NORAS/REFLEX,"REFLEX      ",1.094,1.811143E44,2.8261E14,0.9802,,"SGP         ","EMSS_1994   ",,,0.875,3.006,,,56
MCXC J0006.0-3443,"RXC J0006.0-3443  ","A2721                                                 ",1.5125,-34.7242,0.1147,NORAS/REFLEX,"REFLEX      ",2.08,1.809494E44,2.7122000000000003E14,0.9486,,"SGP         ",,,,0.949,,,,57
MCXC J2134.2-1328,"RXC J2134.2-1328  ","A2351                                                 ",323.5688,-13.48,0.0897,NORAS/REFLEX,"REFLEX      ",1.674,1.793951E44,2.746E14,0.9604,"B                                         ",,,,,,,,,58
MCXC J1709.8+3426,"RXC J1709.8+3426  ","A2249                                                 ",257.4533,34.4406,0.0802,NORAS/REFLEX,"NORAS       ",1.513,1.783924E44,2.7548E14,0.9644,,"BCS         ",,,,1.062,,,,59
MCXC J2218.2-0350,"RXC J2218.2-0350  ","MS2215                                                ",334.5713,-3.8342,0.0901,NORAS/REFLEX,"REFLEX      ",1.681,1.7250340000000001E44,2.6804E14,0.9526,"D,two maxima/NEE-SWW                      ","EMSS_1994   ","SGP         ",,,0.351,0.964,,,60
MCXC J2226.0+1722,"A2443             ","A2443                                                 ",336.5108,17.3781,0.1072,"BCS         ","BCS         ",1.961,1.7063660000000002E44,2.6307999999999997E14,0.9414,,,,,,,,,,61
MCXC J1520.9+4840,"RXC J1520.9+4840  ","A2064                                                 ",230.2271,48.6694,0.1076,NORAS/REFLEX,"NORAS       ",1.967,1.6961730000000001E44,2.6204999999999997E14,0.94,,"BCS         ",,,,1.179,,,,62
MCXC J1516.3+0005,"RXC J1516.3+0005  ","A2050                                                 ",229.08,0.0978,0.1181,NORAS/REFLEX,"REFLEX      ",2.134,1.689631E44,2.5949E14,0.9337,,"BCS         ",,,,1.273,,,,63
MCXC J2143.9-5637,"RXC J2143.9-5637  ","APMCC 699                                             ",325.9929,-56.6264,0.0824,NORAS/REFLEX,"REFLEX      ",1.551,1.6785670000000002E44,2.6504E14,0.9514,,,,,,,,,,64
MCXC J1326.9-2710,"RXC J1326.9-2710  ","A1736                                                 ",201.725,-27.1833,0.0458,NORAS/REFLEX,"REFLEX      ",0.9,1.6674820000000003E44,2.7065E14,0.9694,"L                                         ",,,,,,,,,65
MCXC J2152.4-1933,"RXC J2152.4-1933  ","A2384 (A)                                             ",328.1,-19.565,0.0943,NORAS/REFLEX,"REFLEX      ",1.751,1.6631380000000002E44,2.6137E14,0.9433,"PB,GR10                                   ",,,,,,,,,66
MCXC J2357.0-3445,"RXC J2357.0-3445  ","A4059                                                 ",359.2596,-34.7606,0.0475,NORAS/REFLEX,"REFLEX      ",0.931,1.6296220000000001E44,2.6658E14,0.964,"L                                         ","EMSS_1994   ","SGP         ",,,0.132,0.952,,,67
MCXC J1620.5+2953,"RXC J1620.5+2953  ","A2175                                                 ",245.1321,29.8953,0.0972,NORAS/REFLEX,"NORAS       ",1.798,1.6267290000000003E44,2.5734E14,0.9376,,"BCS         ",,,,0.943,,,,68
MCXC J2321.5-4153,"RXC J2321.5-4153  ","A3998                                                 ",350.3892,-41.8989,0.0894,NORAS/REFLEX,"REFLEX      ",1.669,1.625536E44,2.5863E14,0.9415,"losStr                                    ","SGP         ","EMSS_1994   ",,,0.945,1.142,,,69
MCXC J0005.3+1612,"RXC J0005.3+1612  ","A2703                                                 ",1.3442,16.2106,0.1164,NORAS/REFLEX,"NORAS       ",2.107,1.5790070000000002E44,2.4929E14,0.9218,"B                                         ","EMSS_1994   ",,,,0.533,,,,70
MCXC J0704.4+6318,"RXC J0704.4+6318  ","A0566                                                 ",106.1021,63.3161,0.098,NORAS/REFLEX,"NORAS       ",1.812,1.576739E44,2.5235E14,0.9312,,"BCS         ",,,,1.39,,,,71
MCXC J1144.6+6724,"RXC J1144.6+6724  ","A1366                                                 ",176.1675,67.41,0.1159,NORAS/REFLEX,"NORAS       ",2.099,1.5592240000000002E44,2.4747E14,0.9197,,"BCS         ",,,,1.338,,,,72
MCXC J2250.3+1054,"RXC J2250.3+1054  ","A2495                                                 ",342.5875,10.9025,0.0768,NORAS/REFLEX,"NORAS       ",1.455,1.5586380000000001E44,2.5431E14,0.9401,,"BCS         ",,,,0.997,,,,73
MCXC J2209.3-5148,"RXC J2209.3-5148  ","A3836                                                 ",332.3471,-51.815,0.1065,NORAS/REFLEX,"REFLEX      ",1.95,1.5527000000000002E44,2.485E14,0.9239,,,,,,,,,,74
MCXC J2307.2-1513,"RXC J2307.2-1513  ","A2533                                                 ",346.8138,-15.2283,0.111,NORAS/REFLEX,"REFLEX      ",2.022,1.552593E44,2.4769E14,0.9215,,"SGP         ",,,,0.869,,,,75
MCXC J2313.0-2137,"RXC J2313.0-2137  ","A2556                                                 ",348.2538,-21.6319,0.0871,NORAS/REFLEX,"REFLEX      ",1.63,1.5091520000000003E44,2.4758E14,0.9286,,"SGP         ",,,,0.854,,,,76
MCXC J1133.2+6622,"RXC J1133.2+6622  ","A1302                                                 ",173.3196,66.3786,0.116,NORAS/REFLEX,"NORAS       ",2.101,1.4893570000000002E44,2.4063E14,0.9111,,"BCS         ",,,,1.145,,,,77
MCXC J1341.8+2622,"RXC J1341.8+2622  ","A1775                                                 ",205.4742,26.3719,0.0724,NORAS/REFLEX,"NORAS       ",1.379,1.48629E44,2.4779E14,0.9333,,"400SD_SER   ","160SD       ","BCS         ",,0.987,1.002,1.054,,78
MCXC J1521.8+0742,"RXC J1521.8+0742  ","MKW 3s                                                ",230.4583,7.7089,0.0442,NORAS/REFLEX,"NORAS       ",0.87,1.482131E44,2.5215E14,0.9473,,"BCS         ",,,,1.238,,,,79
MCXC J0328.6-5542,"RXC J0328.6-5542  ","A3126                                                 ",52.1562,-55.7128,0.0853,NORAS/REFLEX,"REFLEX      ",1.6,1.467361E44,2.4368E14,0.9243,,,,,,,,,,80
MCXC J0345.9-2416,"RXC J0345.9-2416  ","A0458                                                 ",56.4833,-24.2803,0.1057,NORAS/REFLEX,"REFLEX      ",1.937,1.462214E44,2.3970000000000003E14,0.9131,,,,,,,,,,81
MCXC J0102.7-2152,"RXC J0102.7-2152  ","A0133                                                 ",15.6754,-21.8736,0.0569,NORAS/REFLEX,"REFLEX      ",1.103,1.460216E44,2.4773999999999997E14,0.9379,,"SGP         ",,,,0.892,,,,82
MCXC J1516.7+0701,"RXC J1516.7+0701  ","A2052                                                 ",229.1833,7.0186,0.0353,NORAS/REFLEX,"NORAS       ",0.702,1.4420580000000002E44,2.4945E14,0.9465,,"BCS         ",,,,1.193,,,,83
MCXC J2216.2-0920,"RXC J2216.2-0920  ","A2428                                                 ",334.0646,-9.34,0.0825,NORAS/REFLEX,"REFLEX      ",1.553,1.4387180000000001E44,2.4124E14,0.922,,"SGP         ",,,,0.902,,,,84
MCXC J0049.4-2931,"RXC J0049.4-2931  ","S0084                                                 ",12.35,-29.5244,0.1084,NORAS/REFLEX,"REFLEX      ",1.98,1.4380470000000001E44,2.3682E14,0.9086,,"SGP         ",,,,0.95,,,,85
MCXC J0056.3-0112,"RXC J0056.3-0112  ","A0119                                                 ",14.0762,-1.2167,0.0442,NORAS/REFLEX,"REFLEX      ",0.87,1.437223E44,2.4747E14,0.9413,"L,losStr                                  ","SGP         ",,,,0.96,,,,86
MCXC J0020.6+2840,"RXC J0020.6+2840  ","A0021                                                 ",5.1704,28.675,0.094,NORAS/REFLEX,"NORAS       ",1.746,1.434697E44,2.3890000000000003E14,0.9156,,"BCS         ",,,,1.201,,,,87
MCXC J0819.6+6336,"RX J0819.6+6336   ","RX J0819.6+6336                                       ",124.9129,63.61,0.119,"BCS         ","BCS         ",2.148,1.4343900000000003E44,2.3468E14,0.9026,,,,,,,,,,88
MCXC J2312.3-2130,"RXC J2312.3-2130  ","A2554                                                 ",348.0863,-21.5006,0.1108,NORAS/REFLEX,"REFLEX      ",2.018,1.4314430000000002E44,2.3576E14,0.9065,"losStr                                    ","SGP         ",,,,0.806,,,,89
MCXC J1511.3+0619,"A2033             ","A2033                                                 ",227.8479,6.3189,0.0817,"BCS         ","BCS         ",1.539,1.406968E44,2.3811E14,0.9183,,,,,,,,,,90
MCXC J2319.1-4206,"MS2316.3-4222     ","S1111                                                 ",349.775,-42.1139,0.045,"EMSS        ","EMSS_1994   ",0.885,1.405897E44,2.4403E14,0.9367,,,,,,,,,,91
MCXC J0028.6-2338,"RXC J0028.6-2338  ","A0042                                                 ",7.1638,-23.6372,0.112,NORAS/REFLEX,"REFLEX      ",2.037,1.4045490000000002E44,2.3285E14,0.9024,,"SGP         ",,,,0.965,,,,92
MCXC J0627.2-5428,"RXC J0627.2-5428  ","A3395                                                 ",96.81,-54.47,0.0506,NORAS/REFLEX,"REFLEX      ",0.989,1.3754770000000003E44,2.3988999999999997E14,0.9298,"PL,GR3                                    ",,,,,,,,,93
MCXC J1244.6-1159,"RXC J1244.6-1159  ","A1606                                                 ",191.1583,-11.9853,0.0963,NORAS/REFLEX,"REFLEX      ",1.784,1.3754330000000003E44,2.3246000000000003E14,0.9066,,,,,,,,,,94
MCXC J1336.1+5912,"RXC J1336.1+5912  ","A1767                                                 ",204.0254,59.2078,0.0701,NORAS/REFLEX,"NORAS       ",1.338,1.370998E44,2.3626E14,0.9193,,"BCS         ",,,,0.944,,,,95
MCXC J1442.3+2218,"RXC J1442.3+2218  ","UGC 09480                                             ",220.5767,22.3047,0.0901,NORAS/REFLEX,"NORAS       ",1.681,1.364553E44,2.3234E14,0.9083,,"BCS         ",,,,0.982,,,,96
MCXC J1602.3+1601,"A2147             ","A2147                                                 ",240.5779,16.02,0.0353,"BCS         ","BCS         ",0.702,1.3583800000000001E44,2.4051999999999997E14,0.9351,,,,,,,,,,97
MCXC J2354.2-1024,"RXC J2354.2-1024  ","A2670                                                 ",358.5558,-10.4128,0.0765,NORAS/REFLEX,"REFLEX      ",1.45,1.336537E44,2.3159999999999997E14,0.9113,"B,losStr                                  ","SGP         ",,,,0.914,,,,98
MCXC J1257.2-3022,"RXC J1257.2-3022  ","A3532                                                 ",194.3204,-30.3769,0.0554,NORAS/REFLEX,"REFLEX      ",1.076,1.3232770000000002E44,2.3354E14,0.9201,"B,GR5                                     ",,,,,,,,,99
MCXC J0912.4+1556,"A763              ","A0763                                                 ",138.1242,15.9431,0.0851,"BCS         ","BCS         ",1.597,1.3124760000000002E44,2.2769E14,0.9037,,,,,,,,,,100
MCXC J1516.5-0056,"RXC J1516.5-0056  ","A2051                                                 ",229.1417,-0.9489,0.1198,NORAS/REFLEX,"REFLEX      ",2.16,1.2965430000000001E44,2.2052999999999997E14,0.8839,,,,,,,,,,101
MCXC J1349.3+2806,"RXC J1349.3+2806  ","A1800                                                 ",207.34,28.1036,0.0748,NORAS/REFLEX,"NORAS       ",1.42,1.273561E44,2.2515E14,0.9033,,"BCS         ",,,,1.171,,,,102
MCXC J0034.6-0208,"RXC J0034.6-0208  ",,8.65,-2.14,0.0812,NORAS/REFLEX,"REFLEX      ",1.53,1.253723E44,2.2202000000000003E14,0.8972,"DL,two maxima/E-W                         ",,,,,,,,,103
MCXC J1601.3+5354,"RXC J1601.3+5354  ","A2149                                                 ",240.3475,53.9061,0.1068,NORAS/REFLEX,"NORAS       ",1.954,1.2383440000000001E44,2.1643E14,0.8822,,"eBCS        ",,,,0.932,,,,104
MCXC J0013.6-1930,"RXC J0013.6-1930  ","A0013                                                 ",3.4096,-19.5022,0.094,NORAS/REFLEX,"REFLEX      ",1.746,1.2363320000000001E44,2.1818E14,0.8883,"losStr                                    ","SGP         ",,,,0.955,,,,105
MCXC J0034.2-0204,"RXC J0034.2-0204  ","SH518                                                 ",8.5579,-2.0753,0.0822,"SGP         ","SGP         ",1.547,1.2300230000000001E44,2.193E14,0.8933,,,,,,,,,,106
MCXC J2359.9-3928,"RXC J2359.9-3928  ","A4068                                                 ",359.9821,-39.4797,0.1024,NORAS/REFLEX,"REFLEX      ",1.883,1.2260900000000003E44,2.1579E14,0.8826,,"SGP         ",,,,0.951,,,,107
MCXC J1139.4-3327,"RXC J1139.4-3327  ",,174.8638,-33.4539,0.1076,NORAS/REFLEX,"REFLEX      ",1.967,1.21861E44,2.142E14,0.8789,,,,,,,,,,108
MCXC J2316.1-2027,"RXC J2316.1-2027  ","A2566                                                 ",349.0312,-20.4553,0.0822,NORAS/REFLEX,"REFLEX      ",1.547,1.2118310000000001E44,2.1730999999999997E14,0.8906,,"SGP         ",,,,0.9,,,,109
MCXC J0351.1-8212,"RXC J0351.1-8212  ","S0405                                                 ",57.7871,-82.2167,0.0613,NORAS/REFLEX,"REFLEX      ",1.183,1.2008990000000001E44,2.1924E14,0.8992,"L                                         ",,,,,,,,,110
MCXC J1006.6+2554,"RXC J1006.6+2554  ","A0923                                                 ",151.6646,25.91,0.1162,NORAS/REFLEX,"NORAS       ",2.104,1.1971130000000002E44,2.106E14,0.8715,,"eBCS        ",,,,1.037,,,,111
MCXC J1431.1+2538,"RXC J1431.1+2538  ","A1927                                                 ",217.7796,25.6389,0.0908,NORAS/REFLEX,"NORAS       ",1.692,1.1915190000000001E44,2.138E14,0.8833,,"BCS         ",,,,0.969,,,,112
MCXC J0726.0+4122,"RXC J0726.0+4122  ","A0580                                                 ",111.5021,41.3822,0.112,NORAS/REFLEX,"NORAS       ",2.037,1.1714769999999999E44,2.0846E14,0.8697,,"eBCS        ",,,,0.781,,,,113
MCXC J0212.8-4707,"RXC J0212.8-4707  ","A2988                                                 ",33.2246,-47.1328,0.115,"SGP         ","SGP         ",2.085,1.162194E44,2.0701E14,0.8668,,,,,,,,,,114
MCXC J0107.8-3643,"RXC J0107.8-3643  ","A2871                                                 ",16.9546,-36.7272,0.1186,NORAS/REFLEX,"REFLEX      ",2.141,1.1567780000000002E44,2.0589E14,0.8642,,"SGP         ",,,,0.972,,,,115
MCXC J1332.9-2519,"RXC J1332.9-2519  ",,203.2325,-25.3239,0.1199,NORAS/REFLEX,"REFLEX      ",2.162,1.1398330000000002E44,2.0385E14,0.861,"X                                         ",,,,,,,,,116
MCXC J1523.0+0836,"RXC J1523.0+0836  ","A2063                                                 ",230.7725,8.6025,0.0355,NORAS/REFLEX,"NORAS       ",0.706,1.138819E44,2.1598000000000003E14,0.902,,"BCS         ",,,,1.111,,,,117
MCXC J1659.7+3236,"RXC J1659.7+3236  ","A2241,B                                               ",254.9367,32.6136,0.1013,NORAS/REFLEX,"NORAS       ",1.865,1.121587E44,2.0454E14,0.8673,,"BCS         ",,,,1.007,,,,118
MCXC J0821.0+0751,"RXC J0821.0+0751  ","RX J0820.9+0751                                       ",125.2575,7.8661,0.11,NORAS/REFLEX,"NORAS       ",2.006,1.1109690000000001E44,2.0211E14,0.8614,,"eBCS        ",,,,1.071,,,,119
MCXC J2205.6-0535,"RXC J2205.6-0535  ","A2415                                                 ",331.4187,-5.5933,0.0582,NORAS/REFLEX,"REFLEX      ",1.127,1.108636E44,2.0924999999999997E14,0.8862,"B                                         ","SGP         ",,,,0.938,,,,120
MCXC J0330.0-5235,"RXC J0330.0-5235  ","A3128                                                 ",52.5029,-52.5961,0.0624,NORAS/REFLEX,"REFLEX      ",1.202,1.1016820000000001E44,2.0785999999999997E14,0.8831,"DL,two maxima/NE-SW                       ",,,,,,,,,121
MCXC J1027.9-0647,"RXC J1027.9-0647  ","A1023                                                 ",156.9983,-6.7961,0.1176,NORAS/REFLEX,"REFLEX      ",2.126,1.0959410000000002E44,1.9936E14,0.8553,"X *                                       ",,,,,,,,,122
MCXC J1254.6-2913,"RXC J1254.6-2913  ","A3528S                                                ",193.6725,-29.2233,0.0544,NORAS/REFLEX,"REFLEX      ",1.058,1.093054E44,2.0799E14,0.8855,"PB,GR4                                    ",,,,,,,,,123
MCXC J1113.3+0231,"RXC J1113.3+0231  ","A1205                                                 ",168.3363,2.5322,0.078,NORAS/REFLEX,"NORAS       ",1.476,1.0900820000000001E44,2.0432E14,0.8736,,,,,,,,,,124
MCXC J0759.7+5400,"RXC J0759.7+5400  ","Zw 0755.8+5408                                        ",119.9283,54.0017,0.1032,NORAS/REFLEX,"NORAS       ",1.896,1.08801E44,2.0052E14,0.861,,"BCS         ",,,,1.045,,,,125
MCXC J0011.3-2851,"RXC J0011.3-2851  ","A2734                                                 ",2.8363,-28.855,0.062,NORAS/REFLEX,"REFLEX      ",1.195,1.086002E44,2.0611E14,0.8807,"losStr                                    ","SGP         ",,,,0.914,,,,126
MCXC J2145.9-1006,"RXC J2145.9-1006  ","A2377                                                 ",326.4783,-10.1044,0.0808,NORAS/REFLEX,"REFLEX      ",1.524,1.0851180000000002E44,2.0336E14,0.8715,"P,GR9                                     ",,,,,,,,,127
MCXC J0425.8-0833,"RXC J0425.8-0833  ","RBS 0540                                              ",66.4642,-8.5592,0.0397,NORAS/REFLEX,"REFLEX      ",0.786,1.080714E44,2.0861E14,0.8905,"X                                         ",,,,,,,,,128
MCXC J2350.5+2931,"ZwCl9077          ","ZwCl9077                                              ",357.6442,29.5311,0.095,"BCS         ","BCS         ",1.762,1.0748180000000002E44,2.0019E14,0.8629,,"EMSS_1994   ",,,,1.268,,,,129
MCXC J1111.6+4050,"RXC J1111.6+4050  ","A1190                                                 ",167.9104,40.8425,0.0794,NORAS/REFLEX,"NORAS       ",1.5,1.06392E44,2.0112E14,0.8687,,"BCS         ",,,,0.661,,,,130
MCXC J0910.6-1034,"RXC J0910.6-1034  ","A0761                                                 ",137.6513,-10.5811,0.0916,NORAS/REFLEX,"REFLEX      ",1.706,1.063423E44,1.9936E14,0.8627,,,,,,,,,,131
MCXC J0155.1+3355,"RXC J0155.1+3355  ","A0272                                                 ",28.7896,33.9222,0.0872,NORAS/REFLEX,"NORAS       ",1.632,1.052481E44,1.9872E14,0.863,"B                                         ","BCS         ",,,,1.716,,,,132
MCXC J2359.3-6042,"RXC J2359.3-6042  ","A4067                                                 ",359.83,-60.7,0.0989,NORAS/REFLEX,"REFLEX      ",1.826,1.0515390000000002E44,1.9699E14,0.8572,,,,,,,,,,133
MCXC J2158.4-6023,"RXC J2158.4-6023  ","A3825                                                 ",329.6133,-60.3994,0.075,NORAS/REFLEX,"REFLEX      ",1.424,1.0502670000000002E44,2.0015E14,0.8685,"losStr                                    ",,,,,,,,,134
MCXC J1353.0+0509,"RXC J1353.0+0509  ","A1809                                                 ",208.2542,5.155,0.0788,NORAS/REFLEX,"NORAS       ",1.489,1.0446580000000002E44,1.9898E14,0.8657,,"BCS         ",,,,0.804,,,,135
MCXC J0049.8+2426,"A104              ","A0104                                                 ",12.4521,24.4411,0.0815,"BCS         ","BCS         ",1.536,1.04296E44,1.9841E14,0.8641,,,,,,,,,,136
MCXC J2347.7-2808,"RXC J2347.7-2808  ","A4038                                                 ",356.93,-28.1414,0.03,NORAS/REFLEX,"REFLEX      ",0.601,1.029501E44,2.0383E14,0.8863,"L                                         ","SGP         ",,,,0.903,,,,137
MCXC J0314.3-4525,"RXC J0314.3-4525  ","A3104                                                 ",48.5825,-45.4242,0.0718,NORAS/REFLEX,"REFLEX      ",1.368,1.027456E44,1.9792E14,0.8662,,"SGP         ",,,,0.899,,,,138
MCXC J1413.7+4339,"RXC J1413.7+4339  ","A1885                                                 ",213.4313,43.6633,0.089,NORAS/REFLEX,"NORAS       ",1.662,1.02386E44,1.9516E14,0.8573,,"BCS         ",,,,1.349,,,,139
MCXC J2125.2-0657,"RXC J2125.2-0657  ",,321.3017,-6.9656,0.1153,NORAS/REFLEX,"REFLEX      ",2.09,1.0188470000000002E44,1.91E14,0.8438,,,,,,,,,,140
MCXC J1359.2+2758,"RXC J1359.2+2758  ","A1831                                                 ",209.8229,27.9728,0.0612,NORAS/REFLEX,"NORAS       ",1.181,1.016556E44,1.9807E14,0.8693,,"BCS         ",,,,0.994,,,,141
MCXC J0448.2-2028,"RXC J0448.2-2028  ","A0514                                                 ",72.0508,-20.4697,0.072,NORAS/REFLEX,"REFLEX      ",1.372,1.004022E44,1.9513E14,0.862,"losStr                                    ",,,,,,,,,142
MCXC J2323.8+1648,"A2589             ","A2589                                                 ",350.9729,16.8089,0.0416,"BCS         ","BCS         ",0.821,1.0020260000000001E44,1.9896E14,0.876,,,,,,,,,,143
MCXC J1416.8-1158,"RXC J1416.8-1158  ",,214.2146,-11.9761,0.0982,NORAS/REFLEX,"REFLEX      ",1.815,1.0016480000000003E44,1.9133E14,0.8491,"X                                         ",,,,,,,,,144
MCXC J1459.0-0843,"RXC J1459.0-0843  ",,224.7646,-8.725,0.1043,NORAS/REFLEX,"REFLEX      ",1.914,1.001337E44,1.9047E14,0.8461,,,,,,,,,,145
MCXC J0041.7+2124,"RXC J0041.7+2124  ","A0084                                                 ",10.4462,21.4139,0.1014,NORAS/REFLEX,"NORAS       ",1.867,1.0000119999999999E44,1.9071E14,0.8473,,"BCS         ",,,,1.377,,,,146
